{"fases_desbloqueadas": [1, 2, 3, 4], "tempos_fases": {"total": 25.01500000000012, "1": 4.7009999999999845, "2": 3.461999999999969, "3": 16.852000000000167, "4": 2.8689999999999745}}