{"fases_desbloqueadas": [1, 2, 3, 4], "tempos_fases": {"total": 26.34900000000001, "1": 6.034999999999876, "2": 3.461999999999969, "3": 16.852000000000167, "4": 2.8689999999999745}}